,source,author,title,description,url,urlToImage,publishedAt,content
0,"{'id': 'news-com-au', 'name': 'News.com.au'}",https://www.news.com.au/world/coronavirus/australia/coronavirus-australia-live-victoria-qld-nsw-covid19-updates/live-coverage/1450c3a75bda745be0ed4af495b2893e,Coronavirus Australia live: Fears of panic buying as cases soar in the UK,Major supermarkets in the United Kingdom have reintroduced rations for toilet paper and other household essentials as a surge in coronavirus cases sparks panic.,https://www.news.com.au/world/coronavirus/australia/coronavirus-australia-live-victoria-qld-nsw-covid19-updates/live-coverage/1450c3a75bda745be0ed4af495b2893e,https://content.api.news/v3/images/bin/f959a1adb9f462a591f2682d6d298121,2020-09-25T21:12:17Z,Major supermarkets in the United Kingdom have reintroduced rations for toilet paper and other household essentials as a surge in coronavirus cases sparks panic.Cases soared by 60 per cent in the past… [+4883 chars]
1,"{'id': 'buzzfeed', 'name': 'Buzzfeed'}",Tanya Chen,Ruth Bader Ginsburg's Personal Trainer Bryant Johnson Did Pushups In Front Of Her Casket,People online are moved by Bryant Johnson's fitting tribute.,https://www.buzzfeednews.com/article/tanyachen/rbg-personal-trainer-bryant-johnson-push-up-tribute,"https://img.buzzfeed.com/buzzfeed-static/static/2020-09/25/15/enhanced/e44f1467fc5a/original-25728-1601048431-38.jpg?crop=1250:655;0,24",2020-09-25T19:22:27.7486723Z,"Bryant Johnson, Justice Ruth Bader Ginsburg's longtime personal trainer, was seen doing pushups in front of her casket in a personal tribute to her. Ginsburg died exactly one week ago.
The gesture d… [+895 chars]"
2,"{'id': 'buzzfeed', 'name': 'Buzzfeed'}","[{""@type"":""Person"",""name"":""Sam Cleal"",""url"":""https://www.buzzfeed.com/sam_cleal"",""jobTitle"":""BuzzFeed Staff""}]",Tell Us An Actor Who Always Seems To Play The Same Character Over And Over Again,"Noah Centineo, amiright?!",https://www.buzzfeed.com/sam_cleal/typecast-actors-add-yours,https://img.buzzfeed.com/buzzfeed-static/static/2020-09/25/17/campaign_images/54050ad9e3b6/tell-us-an-actor-who-always-seems-to-play-the-sam-2-25722-1601055758-25_dblbig.jpg,2020-09-25T19:22:23.9371204Z,"Noah Centineo, amiright?!"
3,"{'id': 'bbc-news', 'name': 'BBC News'}",BBC News,Croydon police officer shot dead named as Sgt Matt Ratana,"The ""much-loved"" long-serving officer was originally from New Zealand but moved to the UK in 1989.",http://www.bbc.co.uk/news/uk-england-london-54302266,https://ichef.bbci.co.uk/news/1024/branded_news/FB22/production/_114609246_3fae5454-a2de-4072-a966-0cc37946df09.jpg,2020-09-25T19:22:23.5153513Z,
4,"{'id': 'financial-times', 'name': 'Financial Times'}",,PSA and FCA offer van concessions to win EU nod for $50bn merger,Carmakers’ proposals are designed to allay competition fears surrounding deal,https://www.ft.com/content/122afd99-dfc3-4a0d-87e6-b7296a74f048,https://www.ft.com/__origami/service/image/v2/images/raw/https%3A%2F%2Fd1e00ek4ebabms.cloudfront.net%2Fproduction%2Fd7ae72e2-a655-4fe2-8a32-fa303889ccac.jpg?source=next-opengraph&fit=scale-down&width=900,2020-09-25T19:22:19.7350417Z,"Peugeot owner PSA and FCA will allow rivals to service vans at their joint dealerships as part of a package of concessions to allay EU concerns over the carmakers’ $50bn merger, paving the way for th… [+2601 chars]"
5,"{'id': 'buzzfeed', 'name': 'Buzzfeed'}","[{""@type"":""Person"",""name"":""favoritefighting_frenchman"",""url"":""https://www.buzzfeed.com/srividyav08"",""jobTitle"":""Community Contributor""}]",Plan A Proposal And We'll Guess If You Would Say Yes Or No,I do...?,https://www.buzzfeed.com/srividyav08/plan-a-proposal-and-well-guess-if-you-would-say-y-1139oh5htk,"https://img.buzzfeed.com/buzzfeed-static/static/2020-09/25/14/enhanced/55acbfad1d41/original-25614-1601045369-26.jpg?crop=1250:654;0,53%26downsize=1250:*",2020-09-25T19:22:19.0789544Z,Sign up to the BuzzFeed Quizzes Newsletter - Binge on the latest quizzes delivered right to your inbox with the Quizzes newsletter!
6,"{'id': 'fox-news', 'name': 'Fox News'}",Fox News,Breonna Taylor's mother: Grand jury decision shows why I have 'no faith in the legal system',"Breonna Taylor’s mother says the grand jury decision announced this week in the case of her daughter’s killing shows why she has “no faith in the legal system, in the police and the laws that are not made to protect us Black and Brown people.”",https://www.foxnews.com/us/breonna-taylors-mother-reacts-grand-jury-decision,https://static.foxnews.com/foxnews.com/content/uploads/2020/09/tamika-palmer-1.jpg,2020-09-25T19:22:18.2510362Z,"Breonna Taylor’s mother says the grand jury decision announced this week in the case of her daughter’s death shows why she has “no faith in the legal system, in the police and the laws that are not m… [+4519 chars]"
7,"{'id': 'financial-times', 'name': 'Financial Times'}",,Ruth Bader Ginsburg lies in state at the US Capitol — in pictures,Supreme Court justice who died last week is honoured in Washington ceremony,https://www.ft.com/content/bf644200-510c-44ba-86d3-c97227d733cf,https://www.ft.com/__origami/service/image/v2/images/raw/https%3A%2F%2Fd1e00ek4ebabms.cloudfront.net%2Fproduction%2F01c38207-d9dd-430a-9d29-1bc196fdfdfb.jpg?source=next-opengraph&fit=scale-down&width=900,2020-09-25T19:22:18.2354156Z,"Ruth Bader Ginsburg, the US Supreme Court justice who died last week the age of 87, became the first woman and first Jewish person to lie in state at the US Capitol on Friday.
Ginsburg has been reme… [+1671 chars]"
8,"{'id': 'bbc-news', 'name': 'BBC News'}",BBC News,Paris attack: Stabbing near Charlie Hebdo office 'an act of terror',Two people were seriously wounded near the former offices of satirical French magazine Charlie Hebdo.,http://www.bbc.co.uk/news/world-europe-54302337,https://ichef.bbci.co.uk/news/1024/branded_news/BBE5/production/_114610184_063512640.jpg,2020-09-25T19:22:18.1729305Z,
9,"{'id': 'crypto-coins-news', 'name': 'Crypto Coins News'}",https://www.bernadettegiacomazzo.com/,Please Do Not Listen To Tory Lanez If You Support Black Women,"Two months after the Megan Thee Stallion shooting, Tory Lanez decides to ""break his silence"" by releasing new music. Why, though?",https://www.ccn.com/do-not-listen-tory-lanez-support-black-women/,https://cdn.ccn.com/wp-content/uploads/2020/09/Tory-Lanez-1-e1601061625734.jpg,2020-09-25T19:20:49Z,
10,"{'id': 'cbs-news', 'name': 'CBS News'}",CBS News,"Former law clerk for Ruth Bader Ginsburg: ""She had been my hero""","Today, the late Justice Ruth Bader Ginsburg became the first woman to lie in state in the U.S. Capitol. CBS News' Christina Ruffini reports from Washington, and one of Ginsburg's former law clerks, Lisa Frelinghuysen, joins CBSN with more on the justice's lif…",https://www.cbsnews.com/video/former-law-clerk-for-ruth-bader-ginsburg-she-had-been-my-hero/,https://cbsnews1.cbsistatic.com/hub/i/r/2020/09/25/6f3a808d-9211-4736-8028-527d92bd03a0/thumbnail/1200x630/5c2b0e5f2eae52eaad264c37823da0af/cbsn-fusion-former-law-clerk-for-ruth-bader-ginsburg-she-had-been-my-hero-thumbnail-554331-640x360.jpg,2020-09-25T19:15:57+00:00,"Watch CBSN Live
Copyright © 2020 CBS Interactive Inc. All rights reserved."
11,"{'id': 'the-verge', 'name': 'The Verge'}",Julia Alexander,All 45 seasons of Saturday Night Live are coming to Peacock,"Months after Peacock launched, the entire Saturday Night Live library is heading to NBCUniversal’s streaming platform. It’s a big win for Peacock, especially in lieu of a recent deal with Roku.",https://www.theverge.com/2020/9/25/21456331/peacock-snl-saturday-night-live-seasons-streaming-premiere-hulu,https://cdn.vox-cdn.com/thumbor/9iFwQfWmwfoYWVqeVSso78pVNWQ=/0x216:3000x1787/fit-in/1200x630/cdn.vox-cdn.com/uploads/chorus_asset/file/21912186/1204248281.jpg.jpg,2020-09-25T19:15:50Z,"Live from Peacock, its every season of SNL
If you buy something from a Verge link, Vox Media may earn a commission. See our ethics statement.
Will Heath/NBC/NBCU Photo Bank via Getty Images
Saturd… [+2688 chars]"
12,"{'id': 'espn', 'name': 'ESPN'}",Ariel HelwaniESPN Staff Writer ,Conor McGregor tweets he's going fight Manny Pacquiao in a boxing match,"Conor McGregor revealed Friday afternoon on Twitter that he is ""boxing"" Manny Pacquiao next in the Middle East.""",http://espn.go.com/mma/story/_/id/29970845/conor-mcgregor-tweets-going-fight-manny-pacquiao-boxing-match,https://a2.espncdn.com/combiner/i?img=%2Fphoto%2F2020%2F0607%2Fr706046_1296x729_16%2D9.jpg,2020-09-25T19:12:30Z,"Conor McGregor revealed Friday afternoon on Twitter that he is ""boxing"" Manny Pacquiao next in the Middle East.""
According to McGregor's manager Audie Attar, who also represents Pacquaio, McGregor i… [+1195 chars]"
13,"{'id': 'business-insider', 'name': 'Business Insider'}",Hugh Langley,Google CEO Pichai addresses Rubin misconduct settlement in leaked email - Business Insider,"Google's CEO told employees the company should hold itself to the ""highest possible standard"" after Alphabet settled a major shareholder lawsuit.",http://www.businessinsider.com/google-ceo-sundar-pichai-sexual-misconduct-lawsuit-settlement-andy-rubin-2020-9,https://i.insider.com/5f639ddc57b7da001ee12477?width=1200&format=jpeg,2020-09-25T19:08:29Z,"In an email sent out to employees on Friday, Alphabet and Google CEO Sundar Pichai addressed news that the company had settled a shareholder lawsuit over alleged mishandling of sexual misconduct.
Th… [+2195 chars]"
14,"{'id': 'business-insider-uk', 'name': 'Business Insider (UK)'}",Hugh Langley,Google CEO Pichai addresses Rubin misconduct settlement in leaked email - Business Insider,"Google's CEO told employees the company should hold itself to the ""highest possible standard"" after Alphabet settled a major shareholder lawsuit.",http://uk.businessinsider.com/google-ceo-sundar-pichai-sexual-misconduct-lawsuit-settlement-andy-rubin-2020-9,https://i.insider.com/5f639ddc57b7da001ee12477?width=1200&format=jpeg,2020-09-25T19:08:29Z,"In an email sent out to employees on Friday, Alphabet and Google CEO Sundar Pichai addressed news that the company had settled a shareholder lawsuit over alleged mishandling of sexual misconduct.
Th… [+2195 chars]"
15,"{'id': 'ign', 'name': 'IGN'}",,Hearts Of Iron IV: Battle for the Bosporus - Announcement Trailer - IGN,"Explore new historical challenges and alternate histories in the Battle for the Bosporus Country Pack, available on October 15, 2020. Check out the trailer.",https://www.ign.com/videos/hearts-of-iron-iv-battle-for-the-bosporus-announcement-trailer,https://assets1.ignimgs.com/thumbs/userUploaded/2020/9/25/heartsofironthumb-1601050021319.jpg?width=1280,2020-09-25T19:07:35.6097175Z,Did you enjoy this video?
16,"{'id': 'google-news-ca', 'name': 'Google News (Canada)'}",Andy Riga,Coronavirus live updates: Stop social contacts for next month to break second wave: Dubé,Quebec reports 637 new cases – biggest one-day jump since May.,https://montrealgazette.com/news/local-news/coronavirus-live-updates-as-second-wave-takes-hold-trudeau-reinstates-covid-19-briefings,https://smartcdn.prod.postmedia.digital/montrealgazette/wp-content/uploads/2020/09/0910-a1-feature-4.jpg,2020-09-25T19:07:30+00:00,"Were asking you for a month of effort to break the second wave, Dubé said at a press conference.
Dubé also announced that all of Greater Montreal is now on orange alert.
That includes all 82 munici… [+611 chars]"
17,"{'id': 'ign', 'name': 'IGN'}",,Stellaris: Necroids Species Pack - Announcement Trailer - IGN,"Necroids, an intelligent undead species that live death to the fullest, will allow players to form empires that thrive where others might perish - and perish that others might thrive. 

Check out the trailer for the Necroids Species pack, coming soon.",https://www.ign.com/videos/stellaris-necroids-species-pack-announcement-trailer,https://assets1.ignimgs.com/thumbs/userUploaded/2020/9/25/stellaristhumb-1601051958342.jpg?width=1280,2020-09-25T19:07:28.892641Z,Did you enjoy this video?
18,"{'id': 'ign', 'name': 'IGN'}",,Our Favorite '90s Video Games - IGN,The News Games and More cast goes over their favorite video games from the 1990's and why they had a special impact on their lives.,https://www.ign.com/videos/our-favorite-90s-video-games,https://assets1.ignimgs.com/thumbs/userUploaded/2020/9/24/itsamecenter-1600985359690.jpg?width=1280,2020-09-25T19:07:22.2536663Z,Did you enjoy this video?
19,"{'id': 'buzzfeed', 'name': 'Buzzfeed'}","[{""@type"":""Person"",""name"":""Jamie Spain"",""url"":""https://www.buzzfeed.com/jamiespain"",""jobTitle"":""BuzzFeed Staff""}]",15 Quizzes This Week That Will Either Make You Feel Very Hungry Or Very Old,"If you're interested in food and generation quizzes, this is the list for you.",https://www.buzzfeed.com/jamiespain/quizzes-that-will-keep-you-busy-for-a-few-hours,https://img.buzzfeed.com/buzzfeed-static/static/2020-09/25/19/campaign_images/19b0de03aa06/15-quizzes-this-week-that-will-either-make-you-fe-2-26111-1601060615-25_dblbig.jpg,2020-09-25T19:07:21.5194737Z,"If you're interested in food and generation quizzes, this is the list for you."
20,"{'id': 'google-news-ca', 'name': 'Google News (Canada)'}",,"Masks mandatory, gatherings limited to 10 in Winnipeg and 17 other communities as of Monday | CBC News","People in and around Winnipeg will have to wear masks in indoor public places and restrict gatherings to 10 people starting Monday, as the region moves to restricted orange under the pandemic response system.",https://www.cbc.ca/news/canada/manitoba/manitoba-covid-19-update-1.5738755,https://i.cbc.ca/1.5702663.1598559826!/cpImage/httpImage/image.jpg_gen/derivatives/16x9_620/covid-mba-daily-brief-20200827.jpg,2020-09-25T19:04:00+00:00,"People in and around Winnipeg will have to wear masks in indoor public places and restrict gatherings to 10 people starting Monday, as the region moves to restricted orange under the pandemic respons… [+3751 chars]"
21,"{'id': 'the-hill', 'name': 'The Hill'}",Dominick Mastrangelo,Ron Paul hospitalized in Texas | TheHill,Former Rep. Ron Paul (R-Texas) was hospitalized on Friday after apparently suffering a medical in...,http://thehill.com/homenews/news/518254-ron-paul-hospitalized-in-texas,https://thehill.com/sites/default/files/ronpaulfilephoto.jpg,2020-09-25T19:02:40Z,"Former Rep. Ron Paul (R-Texas) was hospitalized on Friday after apparently suffering a medical incident during a livestream event.
Paul, 85, was hospitalized in Texas for ""precautionary"" reasons, Fo… [+2177 chars]"
22,"{'id': 'bloomberg', 'name': 'Bloomberg'}",Brooke Sutherland,A Dark Time for Aviation Is About to Get Darker,"The expiration of payroll aid to airlines next week could mean thousands of job losses, scaled-backed flights and pain for suppliers.",https://www.bloomberg.com/opinion/articles/2020-09-25/airline-covid-19-federal-aid-expiration-spells-dark-time-for-aviation,https://assets.bwbx.io/images/users/iqjWHBFdfxIU/ihF.UlMVu6LE/v1/1200x800.jpg,2020-09-25T19:02:00+00:00,"Without more federal aid, expect more airline layoffs, fewer flights.
To get Brooke Sutherland’s newsletter delivered directly to your inbox, sign up 
here.
After months of political wrangling and… [+14089 chars]"
23,"{'id': 'cbs-news', 'name': 'CBS News'}",CBS News,Knife attack leaves at least two wounded near Charlie Hebdo offices in Paris,At least two people are wounded after a knife attack near the former Charlie Hebdo offices in Paris. CBS News correspondent Elaine Cobbe reports.,https://www.cbsnews.com/video/paris-knife-attack-near-charlie-hebdo-offices/,https://cbsnews2.cbsistatic.com/hub/i/r/2020/09/25/66208a8f-4285-4f1b-aca5-05b75a7e5f67/thumbnail/1200x630/06b6f854e43f4177612f67950e12d741/cbsn-fusion-paris-knife-attack-near-charlie-hebdo-offices-thumbnail-554325-640x360.jpg,2020-09-25T19:00:52+00:00,At least two people are wounded after a knife attack near the former Charlie Hebdo offices in Paris. CBS News correspondent Elaine Cobbe reports.
24,"{'id': 'australian-financial-review', 'name': 'Australian Financial Review'}",,WHO sees potential 2m global death toll,"Cases surge in the Dakotas, Wisconsin and Iowa. Virus slashes French Open crowds to 1000. Follow updates here.",http://www.afr.com/politics/federal/who-sees-potential-2m-global-death-toll-20200926-p55zg5,https://static.ffx.io/images/$zoom_0.1765%2C$multiply_0.7554%2C$ratio_1.776846%2C$width_1059%2C$x_0%2C$y_51/t_crop_custom/e_sharpen:25%2Cq_85%2Cf_auto/5507bfcb528bec1c0377000856c6c32609f7922a,2020-09-25T19:00:03Z,"In a sobering note, Pantheon Macroeconomics Ian Shepherdson made clear that rising demand on hospitals was a concern.
""The bewildering patchwork of state attempts to control the spread of the virus,… [+2163 chars]"
25,"{'id': 'the-hindu', 'name': 'The Hindu'}",PTI,New measurements show moon has hazardous radiation levels,Humans are not really made for these radiation levels and should protect themselves when on the moon,https://www.thehindu.com/sci-tech/science/new-measurements-show-moon-has-hazardous-radiation-levels/article32699846.ece,https://www.thehindu.com/sci-tech/science/dvqfo6/article32699845.ece/ALTERNATES/LANDSCAPE_615/MOONSURFACE,2020-09-25T18:56:38Z,"Future moon explorers will be bombarded with two to three times more radiation than astronauts aboard the International Space Station, a health hazard that will require thick-walled shelters for prot… [+3270 chars]"
26,"{'id': 'cbs-news', 'name': 'CBS News'}",Zak Hudak,"In unusual statement, Feds say a handful of ballots were discarded in key Pennsylvania county","President Trump used the finding to try to cast doubt on the safety of mail ballots, but much remains unknown about why the nine in Luzerne County were cast aside.",https://www.cbsnews.com/news/pennsylvania-military-ballots-mail-voting-2020-election/,https://cbsnews2.cbsistatic.com/hub/i/r/2020/09/04/27e1f796-d9b1-4d6d-b6b6-fc199ce42aa0/thumbnail/1200x630/957424fe08041684f886ed41170723db/1599262687651.png,2020-09-25T18:55:25+00:00,"In a move that confounded some elections experts, the Justice Department on Thursday announced preliminary findings of a probe into discarded general election ballots in a key Pennsylvania county. 
… [+3408 chars]"
27,"{'id': 'techcrunch', 'name': 'TechCrunch'}",Natasha Mascarenhas,"Alexis Ohanian files for a new $150M fund, with a nod to his Olympian family","According to an SEC filing, Alexis Ohanian, the co-founder of Reddit and early-stage VC firm Initialized Capital, is raising a new fund, named 776, with a target of $150 million. The filing comes three months after the entrepreneur left Initialized Capital an…",https://techcrunch.com/2020/09/25/alexis-ohanian-files-for-a-new-150m-fund-with-a-nod-to-his-olympian-family/,https://techcrunch.com/wp-content/uploads/2020/01/GettyImages-1200874421.jpg?w=600,2020-09-25T18:54:56Z,"According to an SEC filing, Alexis Ohanian, the co-founder of Reddit and early-stage VC firm Initialized Capital, is raising a new fund, named 776, with a target of $150 million. The filing comes thr… [+1779 chars]"
28,"{'id': 'buzzfeed', 'name': 'Buzzfeed'}","[{""@type"":""Person"",""name"":""Shelby Heinrich"",""url"":""https://www.buzzfeed.com/shelbyheinrich"",""jobTitle"":""BuzzFeed Staff""}]",Home Depot Is Selling A 12-Foot Skeleton Just In Time For Spooky Season And People Are Obsessed,I need one. NOW.,https://www.buzzfeed.com/shelbyheinrich/12-foot-skeleton-home-depot,"https://img.buzzfeed.com/buzzfeed-static/static/2020-09/25/18/enhanced/348ba8bac7a5/original-26021-1601057943-22.jpg?crop=1243:651;0,62%26downsize=1250:*",2020-09-25T18:52:27.9282152Z,
29,"{'id': 'buzzfeed', 'name': 'Buzzfeed'}","[{""@type"":""Person"",""name"":""Kayla Yandoli"",""url"":""https://www.buzzfeed.com/kaylayandoli"",""jobTitle"":""BuzzFeed Staff""}]",How Many Of These 40 Popular Non-Disney Animated Movies Have You Actually Seen?,Have you seen Despicable Me or what?,https://www.buzzfeed.com/kaylayandoli/how-many-non-disney-animated-movies-have-you-seen,"https://img.buzzfeed.com/buzzfeed-static/static/2020-09/21/19/enhanced/49f653424ccb/original-19038-1600717358-11.jpg?crop=1200:628;0,0%26downsize=1250:*",2020-09-25T18:52:18.8211073Z,Have you seen Despicable Me or what?
30,"{'id': 'financial-times', 'name': 'Financial Times'}",,Apple makes unexpected concession on 30% App Store fees,iPhone maker will drop charge for businesses forced by pandemic to pivot to online services,https://www.ft.com/content/fbabedb0-3ed2-4c47-94f2-f165bd15edb3,https://www.ft.com/__origami/service/image/v2/images/raw/https%3A%2F%2Fd1e00ek4ebabms.cloudfront.net%2Fproduction%2F7a248cd3-7eb5-4479-9f83-2f815ce3ec3e.jpg?source=next-opengraph&fit=scale-down&width=900,2020-09-25T18:52:15.2282508Z,"Apple will temporarily drop its contentious App Store fees for businesses that have been forced by the pandemic to pivot to online-only events, in an unexpected concession after increasingly vocal co… [+3481 chars]"
31,"{'id': 'cbs-news', 'name': 'CBS News'}",CBS News,CBS News exclusive interview with U.S. Ambassador to the U.N. Kelly Craft,"Kelly Craft, the U.S. Ambassador to the United Nations, is calling out the U.N. Security Council for allegedly failing to live up to its mission to make the world safer. Craft spoke exclusively with CBS News' Pamela Falk.",https://www.cbsnews.com/video/cbs-news-exclusive-interview-with-u-s-ambassador-to-the-un-kelly-craft/,https://cbsnews1.cbsistatic.com/hub/i/r/2020/09/25/660f8200-cc81-4786-952f-29a2fb81f13a/thumbnail/1200x630/497734ee5c4cf9986a662114dedcda02/0925-cbsn-njb-554318-640x360.jpg,2020-09-25T18:48:23+00:00,"Watch CBSN Live
Copyright © 2020 CBS Interactive Inc. All rights reserved."
32,"{'id': 'news24', 'name': 'News24'}",,"Covid-19 in Gauteng: New infections decreasing but risk of transmission still high, warns govt","The Gauteng government says it has seen a decrease in Covid-19 infections, but warns that the risk of infection remains a concern.",https://www.news24.com/news24/southafrica/news/covid-19-in-gauteng-new-infections-decreasing-but-risk-of-transmission-still-high-warns-govt-20200925,https://cdn.24.co.za/files/Cms/General/d/10447/d40a1a9045f24f72800355daf3fd09ac.jpg,2020-09-25T18:48:05+00:00,"<ul><li>Gauteng has recorded just over 4 000 Covid-19 related deaths.</li><li>Of the total deaths, 53% are male and 47% are female.</li><li>Gauteng govt notes that with the easing of restrictions, th… [+2156 chars]"
33,"{'id': 'news24', 'name': 'News24'}",,Mpumalanga farmer in possession of unlicensed rifles gets bail,"Johannes Breedt was arrested by members of the Witbank Tactical Response Team and Crime Intelligence, following information of unlawful possession of firearms in Sundra.",https://www.news24.com/news24/SouthAfrica/News/mpumalanga-farmer-in-possession-of-unlicensed-rifles-gets-bail-20200925,https://cdn.24.co.za/files/Cms/General/d/2638/11790dbd07c5496a8454e2fe6bed70e0.jpg,2020-09-25T18:47:36+00:00,"A 57-year-old man was granted R3 000 bail in the Delmas Magistrate's Court on Friday after he was found in possession of two unlicensed rifles.
Johannes Breedt was arrested on Thursday by members of… [+662 chars]"
34,"{'id': 'ars-technica', 'name': 'Ars Technica'}",Samuel Axon,"Apple releases macOS Catalina 10.15.7, possibly the last Catalina update",There were also updates to Final Cut Pro X and iMovie.,https://arstechnica.com/gadgets/2020/09/apple-releases-macos-catalina-10-15-7-possibly-the-last-catalina-update/,https://cdn.arstechnica.net/wp-content/uploads/2019/09/macOS-Catalina-Light-mode-760x380.jpg,2020-09-25T18:45:36+00:00,"Enlarge/ No operating system is an island, but macOS Catalina is named after one.
5 with 5 posters participating
Earlier this week, Apple released updates for iOS, iPadOS, and watchOSbut nothing fo… [+2379 chars]"
35,"{'id': 'google-news', 'name': 'Google News'}",Mihir Zaveri,Even Paper Bags Will Be Banned From N.J. Supermarkets,"The bill, which would make the state the first to ban single-use paper bags at supermarkets, would also ban single-use plastic bags in stores and restaurants.",https://www.nytimes.com/2020/09/25/nyregion/nj-paper-plastic-bag-ban.html,https://static01.nyt.com/images/2020/09/24/nyregion/24njbagban01/24njbagban01-facebookJumbo.jpg,2020-09-25T18:45:00+00:00,"The governor is proud to support the strongest bag ban in the nation, the spokesman, Mahen Gunaratna, said. This bill will significantly reduce the harm that these products cause to our environment.… [+1319 chars]"
36,"{'id': 'espn', 'name': 'ESPN'}",Jenna LaineESPN Staff Writer ,"Rob Gronkowski on slow start with Buccaneers -- 'I'm here to block, baby'",Buccaneers TE Rob Gronkowski doesn't appear to be fazed my his slow start in Bruce Arians' offense. He's taking things in stride and treating it with some humor.,http://espn.go.com/nfl/story/_/id/29970566/rob-gronkowski-slow-start-buccaneers-here-block-baby,https://a.espncdn.com/combiner/i?img=%2Fphoto%2F2020%2F0821%2Fr734450_1296x729_16%2D9.jpg,2020-09-25T18:44:00Z,"TAMPA, Fla. -- Tampa Bay Buccaneers tight end Rob Gronkowski doesn't appear to be fazed by his slow start in Bruce Arians' offense -- one that has rendered him with just two catches on four targets a… [+7630 chars]"
37,"{'id': 'cbs-news', 'name': 'CBS News'}",CBS News,Breonna Taylor's family gives emotional statement,Family members of Breonna Taylor spoke out Friday for the first time since a grand jury declined to indict three officers in Taylor's death during a police raid last March. CBS News' Jericka Duncan has more from Louisville.,https://www.cbsnews.com/video/breonna-taylors-family-gives-emotional-statement/,https://cbsnews2.cbsistatic.com/hub/i/r/2020/09/25/391d6f15-6613-4e98-a016-f8c2f6384b4f/thumbnail/1200x630/4170894ed5640bc067cc6f6c73ed0391/breonnafamily-554316-640x360.jpg,2020-09-25T18:42:50+00:00,Family members of Breonna Taylor spoke out Friday for the first time since a grand jury declined to indict three officers in Taylor's death during a police raid last March. CBS News' Jericka Duncan h… [+23 chars]
38,"{'id': 'the-hill', 'name': 'The Hill'}",Reid Wilson,On The Trail: Making sense of this week's polling tsunami | TheHill,"In the midst of an unprecedented cascade of events that upend news cycles on a seemingly hourly basis, from a global pandemic to a sputtering economy, protests rocking American cities and a coming battle that could redefine the Supreme Court, the battle for t…",http://thehill.com/homenews/campaign/518256-on-the-trail-making-sense-of-this-weeks-polling-tsunami,https://thehill.com/sites/default/files/blogs/bidentrump_090116getty.jpg,2020-09-25T18:42:16Z,"In the midst of an unprecedented cascade of events that upend news cycles on a seemingly hourly basis, from a global pandemic to a sputtering economy, protests rocking American cities and a coming ba… [+8981 chars]"
39,"{'id': 'the-verge', 'name': 'The Verge'}",Zoe Schiffer,Google is banning election ads after polls close on November 3rd,The policy could stop President Trump and Joe Biden from running ads declaring an early victory. Google said the change is due to the “unprecedented” number of votes that will be counted after November 3rd.,https://www.theverge.com/2020/9/25/21456323/google-election-ad-ban-donald-trump-early-victory,https://cdn.vox-cdn.com/thumbor/8prPqvLDLzqWV7wMDohjR2zgctU=/0x146:2040x1214/fit-in/1200x630/cdn.vox-cdn.com/uploads/chorus_asset/file/10745893/acastro_180427_1777_0003.jpg,2020-09-25T18:41:31Z,"The company is trying to limit misinformation about the outcome of the vote
Illustration: Alex Castro / The Verge
Google is banning advertisers from running ads related to the election after Electi… [+1029 chars]"
40,"{'id': 'cbs-news', 'name': 'CBS News'}",Sophie Lewis,"The first black hole ever photographed now appears to be ""wobbling""",Scientists were surprised to find the ring of gas surrounding the supermassive black hole appears to have moved significantly.,https://www.cbsnews.com/news/first-black-hole-image-appears-wobbling-messier-87/,https://cbsnews2.cbsistatic.com/hub/i/r/2019/04/10/f009be0a-83bd-4732-8012-d68f6de5af83/thumbnail/1200x630/809c3bc9be09ea89b97ae3cd6efe14ee/black-hole-ap-19100474348599.jpg,2020-09-25T18:41:28+00:00,"Last year, a telescope captured the very first image of an ""unseeable"" black hole, dazzling the scientific community and space enthusiasts alike with a static picture of M87*, the supermassive object… [+3853 chars]"
41,"{'id': 'cnn', 'name': 'CNN'}",,Dr. Sanjay Gupta debunks Covid-19 misconceptions - CNN Video,CNN's Dr. Sanjay Gupta breaks down common coronavirus misconceptions and emphasizes the importance of wearing masks.,http://us.cnn.com/videos/health/2020/09/24/sanjay-gupta-coronavirus-misconceptions-dnt-newday-vpx.cnn,https://cdn.cnn.com/cnnnext/dam/assets/200924084629-gupta-coronavirus-misconceptions-super-tease.jpg,2020-09-25T18:37:33.2860026Z,Chat with us in Facebook Messenger. Find out what's happening in the world as it unfolds.
42,"{'id': 'bbc-sport', 'name': 'BBC Sport'}",BBC Sport,Duplantis claims 16th win in a row,Armand Duplantis claims a 16th successive victory as he wins the pole vault in Doha in the final Diamond League event of the year.,http://www.bbc.co.uk/sport/athletics/54298847,https://ichef.bbci.co.uk/live-experience/cps/624/cpsprodpb/AF5A/production/_114609844_hi063514221.jpg,2020-09-25T18:37:24.2570014Z,"Duplantis set the pole vault world record at 6.18m at the Indoor Grand Prix in Glasgow in February
Armand Duplantis claimed a 16th successive victory as he won the pole vault in Doha in the final Di… [+1187 chars]"
43,"{'id': 'next-big-future', 'name': 'Next Big Future'}",Brian Wang,big data,,https://www.nextbigfuture.com/tag/big-data,,2020-09-25T18:37:10.6822514Z,"big data
Cloud Computing is eating the IT world and 125 zettabytes of data will be generated annually by 2024. Microsoft Research Cambridge and Microsoft Azure are developing new cloud-first optical… [+2472 chars]"
44,"{'id': 'abc-news', 'name': 'ABC News'}",The Associated Press,Minnesota halts COVID-19 study after reports of intimidation,,https://abcnews.go.com/US/wireStory/minnesota-halts-covid-19-study-reports-intimidation-73247079,https://s.abcnews.com/images/WNN/200925_wnn_presha_pic_hpMain_16x9_992.jpg,2020-09-25T18:37:07Z,MINNEAPOLIS -- Minnesota officials have stopped a COVID-19 testing study after multiple reports that state and federal public health workers were greeted by racial and ethnic slurs as they went door-… [+3576 chars]
45,"{'id': 'polygon', 'name': 'Polygon'}",Austen Goslin,Xbox Game Pass Ultimate subscribers can get two months of free anime,Funimation and Microsoft are offering Xbox Game Pass subscribers free anime. Game Pass Ultimate subscribers can get two months of Funimation Premium Plus for free from Sept. 25 to Oct. 24.,https://www.polygon.com/2020/9/25/21456313/xbox-game-pass-ultimate-anime-funimation-premium-plus-subscription-free-my-hero-naruto,https://cdn.vox-cdn.com/thumbor/nVWnr4_EZwp2aDSGIpjFtSoitQQ=/7x0:886x460/fit-in/1200x630/cdn.vox-cdn.com/uploads/chorus_asset/file/11939803/My_Hero_Academia_Season_3.jpg,2020-09-25T18:36:33Z,"Xbox Game Pass Ultimate offers Xbox and Windows PC players plenty of benefits for its subscription price, and that isnt just limited to a game library. Starting on Friday, Xbox Game Pass Ultimate sub… [+1184 chars]"
46,"{'id': 'cbs-news', 'name': 'CBS News'}",Chevaz Clarke,Ruth Bader Ginsburg's personal trainer pays tribute to her with push-ups in front of her casket,Ginsburg was often celebrated for her challenging workouts despite her age.,https://www.cbsnews.com/news/ruth-bader-ginsburg-personal-trainer-pushups-casket-lying-in-state/,https://cbsnews3.cbsistatic.com/hub/i/r/2020/09/25/5e76e430-9c9c-4553-af66-0e8c97bd986f/thumbnail/1200x630/1ba5eab7807183d369646f407acb8987/screen-shot-2020-09-25-at-12-35-21-pm.png,2020-09-25T18:35:24+00:00,"Bryant Johnson, the late Justice Ruth Bader Ginsburg's personal trainer, dropped to the ground in front of her casket and performed three push-ups to honor her at the U.S. Capitol on Friday.
Johnson… [+1874 chars]"
47,"{'id': 'cnn', 'name': 'CNN'}","Christina Maxouris and Dakin Andone, CNN",US nears 7 million Covid-19 cases as 23 states report rising numbers,Nearly half of US states are reporting a rise in cases of Covid-19 as the country nears 7 million cases nationwide -- yet another grim milestone.,http://us.cnn.com/2020/09/25/health/us-coronavirus-friday/index.html,https://cdn.cnn.com/cnnnext/dam/assets/200925005822-02-coronavirus-daily-life-super-tease.jpg,2020-09-25T18:32:17Z,
48,"{'id': 'the-hindu', 'name': 'The Hindu'}",The Hindu,Code debate: On new labour Bills,"Far-reaching in effect, the new labour codes require greater deliberation",https://www.thehindu.com/opinion/editorial/code-debate-the-hindu-editorial-on-new-labour-codes/article32699211.ece,https://www.thehindu.com/static/theme/default/base/img/og-image.jpg,2020-09-25T18:32:00Z,Some laws are far too important and have far too much impact on the people to be passed in haste or without sufficient deliberation. The three codes aimed at consolidating diverse labour laws and ush… [+2727 chars]
49,"{'id': 'the-hindu', 'name': 'The Hindu'}",The Hindu,Cess pool: On CAG report on GST,"The Centre must keep the faith of Parliament, States and the people, and stop misusing cess",https://www.thehindu.com/opinion/editorial/cess-pool-the-hindu-editorial-on-cag-report-on-gst/article32699214.ece,https://www.thehindu.com/static/theme/default/base/img/og-image.jpg,2020-09-25T18:32:00Z,The latest audit of the Union Governments accounts tabled in Parliament this week reveals that the Finance Ministry quietly retained over 40% of all cess collections in 2018-19 in the Consolidated Fu… [+2565 chars]
50,"{'id': 'ign', 'name': 'IGN'}",Adam Bankhurst,Console Wars Face-Off: What's the Best '90s Game of All Time? - IGN,Super Mario World? Sonic the Hedgehog? Which game of the '90s was your favorite? We need your help to rank the best SNES and Sega Genesis games from that wonderful decade that was somehow 20 years ago!,https://www.ign.com/articles/face-off-whats-the-best-90s-game-of-all-time,https://assets1.ignimgs.com/2020/09/15/faceoffblog-1600201029166.jpg?width=1280,2020-09-25T18:30:01Z,"While Sega and Nintendo were both fighting each other in the legendary console wars of the '90s, we benefited from the battle, as some of the most beloved games of all time were released on the Genes… [+2999 chars]"
51,"{'id': 'next-big-future', 'name': 'Next Big Future'}",Brian Wang,Microsoft Cloud Computing Scale Holographic Storage Project,Cloud Computing is eating the IT world and 125 zettabytes of data will be generated annually by 2024.Microsoft,https://www.nextbigfuture.com/2020/09/microsoft-cloud-computing-scale-holographic-storage-project.html,https://www.nextbigfuture.com/wp-content/uploads/2020/09/Screen-Shot-2020-09-25-at-11.28.20-AM-1024x640.jpg,2020-09-25T18:29:36Z,"Cloud Computing is eating the IT world and 125 zettabytes of data will be generated annually by 2024.
Microsoft Research Cambridge and Microsoft Azure are developing new cloud-first optical storage … [+1006 chars]"
52,"{'id': 'bloomberg', 'name': 'Bloomberg'}",,Mid To Late 2021 For Large-Scale Vaccine Rollout: Sauer (Radio),"Source: , 06:33",https://www.bloomberg.com/news/audio/2020-09-25/mid-to-late-2021-for-large-scale-vaccine-rollout-sauer-radio,https://assets.bwbx.io/s3/bbiz/images/social_fallbacks/bloomberg_default-a4f15fa7ee.jpg,2020-09-25T18:28:00+00:00,"Lauren Sauer, Johns Hopkins University Assistant Professor of Emergency Medicine, on the latest news surrounding covid-19 spread, vaccines, and treatments. Hosted by Paul Sweeney and Vonnie Quinn.
B… [+48 chars]"
53,"{'id': 'the-irish-times', 'name': 'The Irish Times'}",Mark Hilliard,Covid-19 outbreak confirmed at Regional Hospital Mullingar,An unspecified number of patients have tested positive for coronavirus at the facility,https://www.irishtimes.com/							/news/health/covid-19-outbreak-confirmed-at-regional-hospital-mullingar-1.4364896	,https://www.irishtimes.com/image-creator/?id=1.4364895&origw=620,2020-09-25T18:27:52Z,"Patients and staff on a ward at Regional Hospital Mullingar are being tested for Covid-19 following an outbreak of the virus.
Management confirmed the situation at the hospital on Friday and said it… [+1097 chars]"
54,"{'id': 'techcrunch', 'name': 'TechCrunch'}",Brian Heater,Apple Watch Series 6 review,"When it comes to smartwatches, it’s Apple against the world. It’s not that there aren’t plenty of other products to choose from — it’s more that the company has just utterly dominated the space to such a point that any other device is relegated to the realm o…",https://techcrunch.com/2020/09/25/apple-watch-series-6-review/,https://techcrunch.com/wp-content/uploads/2020/09/2020-09-25-013803629.jpg?w=533,2020-09-25T18:27:17Z,"When it comes to smartwatches, its Apple against the world. Its not that there arent plenty of other products to choose from its more that the company has just utterly dominated the space to such a p… [+9262 chars]"
55,"{'id': 'nhl-news', 'name': 'NHL News'}",NHL.com,MacLean hired by Maple Leafs as assistant coach,Paul MacLean was hired as an assistant coach by the Toronto Maple Leafs on Friday.,https://www.nhl.com/news/toronto-maple-leafs-hire-paul-maclean-assistant-coach/c-319183820,https://cms.nhl.bamgrid.com/images/photos/295255390/1024x576/cut.jpg,2020-09-25T18:27:16Z,
56,"{'id': 'news-com-au', 'name': 'News.com.au'}",,Surf star Ellie-Jean Coffey lifts lid on XXX-rated personal website,Surf star Ellie-Jean Coffey lifts lid on XXX-rated personal website,https://www.news.com.au/sport/sports-life/surf-star-elliejean-coffey-lifts-lid-on-xxxrated-personal-website/news-story/8c74975e6cc466773185852b11e6f115,https://cdn.newsapi.com.au/image/v1/8ad46f19276101529d8493c81600ecc6?width=650,2020-09-25T18:26:00Z,Former professional surfer Ellie-Jean Coffey has been flooded with overwhelming support after unveiling her XXX-rated personal website.Ranked 12th in the WS series in 2017 and winning the Australasia… [+4557 chars]
57,"{'id': 'cbc-news', 'name': 'CBC News'}",CBC News,Canada has made bets on these 6 COVID-19 vaccines. Here's a closer look | CBC News,The federal government has announced that it has signed deals with several groups of vaccine developers to reserve millions of doses of COVID-19 vaccines under development. The candidate vaccines represent a variety of different technologies with different pr…,http://www.cbc.ca/news/health/covid-vaccines-canada-profiles-1.5708240,https://i.cbc.ca/1.5708276.1599244437!/cpImage/httpImage/image.jpg_gen/derivatives/16x9_620/virus-outbreak-poll-vaccines.jpg,2020-09-25T18:22:18.9751015Z,"Canada has announced that it has signed deals with several teams of vaccine developers to reserve millions of doses of COVID-19 vaccines under development in an effort to make sure Canadians
 are at… [+12486 chars]"
58,"{'id': 'hacker-news', 'name': 'Hacker News'}",,Bringing the Mona Lisa Effect to Life with TensorFlow.js,Urban legend says that Mona Lisa's eyes will follow you as you move around the room. This interactive digital portrait brings the phenomenon to life..,https://blog.tensorflow.org/2020/09/bringing-mona-lisa-effect-to-life-tensorflow-js.html,https://1.bp.blogspot.com/-4V7RRkONT2o/X2zQ2xmTgsI/AAAAAAAADmI/hk-VmwsUi1o3R3wTpwdgtS_g829vrXpgACLcBGAsYHQ/w1200-h630-p-k-no-nu/monalisa.gif,2020-09-25T18:22:18.162802Z,"September 25, 2020 —
 A guest post by Emily Xie, Software EngineerBackground
Urban legend says that Mona Lisa's eyes will follow you as you move around the room. This is known as the “Mona Lisa eff… [+6981 chars]"
59,"{'id': 'google-news-ca', 'name': 'Google News (Canada)'}",,"Trudeau announces vaccine pact as COVID-19 cases hit 150,000","Prime Minister Justin Trudeau and Chief Public Health Officer Theresa Tam issued a joint plea for Canadians to remain vigilant against COVID-19 spread Friday, as the country passed a grim milestone in recording 150,000 confirmed cases.",https://www.ctvnews.ca/politics/trudeau-announces-vaccine-pact-as-covid-19-cases-hit-150-000-1.5119726,https://www.ctvnews.ca/polopoly_fs/1.5120444.1601057958!/httpImage/image.jpg_gen/derivatives/landscape_620/image.jpg,2020-09-25T18:20:00+00:00,"OTTAWA -- 
Prime Minister Justin Trudeau and Chief Public Health Officer Theresa Tam issued a joint plea for Canadians to remain vigilant against COVID-19 spread Friday, as the country passed a grim… [+2134 chars]"
60,"{'id': 'news24', 'name': 'News24'}",,Andile Lungisa decides to remain in prison despite being granted bail,"In contradiction of maintaining his innocence and his reasons for approaching the Constitutional Court, Andile Lungisa has allegedly opted to stay in prison.",https://www.news24.com/news24/SouthAfrica/News/andile-lungisa-decides-to-remain-in-prison-despite-being-granted-bail-20200925,https://cdn.24.co.za/files/Cms/General/d/10505/c409879f942845179cbffa86df15a7e5.jpg,2020-09-25T18:19:07+00:00,"<ul><li>Andile Lungisa was granted bail on Friday by the Eastern Cape High Court in Makhanda, pending the outcome of his leave to appeal his incarceration before the Constitutional Court.</li><li>How… [+4589 chars]"
61,"{'id': 'the-hindu', 'name': 'The Hindu'}",Sriram Lakshman,"No durable peace in South Asia until J&K resolved, says Imran Khan",Imran Khan criticised India’s abrogation of Article 370 and the number of troops in the region.,https://www.thehindu.com/news/international/no-durable-peace-in-south-asia-until-jk-resolved-says-imran-khan/article32699596.ece,https://www.thehindu.com/news/international/jjolko/article32699595.ece/ALTERNATES/LANDSCAPE_615/IMRANKHAN,2020-09-25T18:18:38Z,Pakistan Prime Minister Imran Khan said there would be no durable peace in South Asia unless the Jammu and Kashmir dispute is resolved. In a 25-minute speech delivered virtually to the United Nations… [+3136 chars]
62,"{'id': 'crypto-coins-news', 'name': 'Crypto Coins News'}",https://www.bullishtulips.com/,Dow Rallies as Investors Look Ahead to First Trump-Biden Debate,"The Dow Jones rallied on Friday, with investors nervously eyeing the outcome of the first Trump-Biden debate next Tuesday.",https://www.ccn.com/dow-rallies-investors-first-trump-biden-debate/,https://cdn.ccn.com/wp-content/uploads/2020/09/Trump-vs-Biden-e1601057835860.jpg,2020-09-25T18:18:35Z,
63,"{'id': 'the-hill', 'name': 'The Hill'}",The Hill staff,Watch live: Trump speaks at Black empowerment event in Atlanta,President Trump on Friday afternoon is slated to give remarks on a Black economic empowerment plan in Atlanta.The event is scheduled to begin at 2:40 p.m. EDT.Watch the live video above.,http://thehill.com/video/in-the-news/518212-watch-live-trump-speaks-at-black-empowerment-event-in-atlanta,https://thehill.com/sites/default/files/trumpdonald_9232020_gettyimages.jpg,2020-09-25T18:17:28Z,"The Hill 1625 K Street, NW Suite 900 Washington DC 20006 | 202-628-8500 tel | 202-628-8503 fax
The contents of this site are ©2020 Capitol Hill Publishing Corp., a subsidiary of News Communications,… [+4 chars]"
64,"{'id': 'cbs-news', 'name': 'CBS News'}",Caitlin O'Kane,Louisiana attorney general investigates case of 4th-grader suspended over BB gun in virtual classroom,"""For anyone to conclude that a student's home is now school property because of connectivity through video conferencing is absurd,"" said Louisiana Attorney General Jeff Landry.",https://www.cbsnews.com/news/4th-grader-suspended-from-school-louisiana-attorney-general-investigates/,https://cbsnews3.cbsistatic.com/hub/i/r/2020/09/25/868aff76-a5b7-44a6-92c1-f16a465a481e/thumbnail/1200x630g4/51b128e55d5c0d0ab4f1d67939f2c80c/120231612-412703786362096-7559284740758176596-n.jpg,2020-09-25T18:14:51+00:00,Louisiana's attorney general announced on Friday he has launched an investigation into a case of a fourth-grader from Jefferson Parish who was not allowed to attend school for six days for having a B… [+3535 chars]
65,"{'id': 'abc-news', 'name': 'ABC News'}",KIMBERLEE KRUESI and ADRIAN SAINZ Associated Press,Landlords suing to push back against eviction ban,,https://abcnews.go.com/Business/wireStory/landlords-suing-push-back-eviction-ban-73246374,https://s.abcnews.com/images/Health/WireAP_0cbf03052f9e43578ac266b6087886f6_16x9_992.jpg,2020-09-25T18:13:07Z,"MEMPHIS, Tenn. -- As millions of Americans struggle to pay their rent during the coronavirus pandemic, landlords are going to courts, claiming that the national eviction moratorium unfairly strains t… [+5419 chars]"
66,"{'id': 'the-next-web', 'name': 'The Next Web'}",Tristan Greene,"Physicist says you can time travel all you want, but the universe won't let you change things",A physics student at the University of Queensland recently published a paper indicating they'd 'squared' the math when it comes to time-travel. Not only should it theoretically be possible ...,https://thenextweb.com/insights/2020/09/25/physicist-says-you-can-time-travel-all-you-want-but-the-universe-wont-let-you-change-things/,https://img-cdn.tnwcdn.com/image/tnw?filter_last=1&fit=1280%2C640&url=https%3A%2F%2Fcdn0.tnwcdn.com%2Fwp-content%2Fblogs.dir%2F1%2Ffiles%2F2019%2F12%2Fquantum_generic.jpg&signature=56bdeaa2564bdc098e2609c147240b3f,2020-09-25T18:13:05Z,A physics student at the University of Queensland recently published a paper indicating theyd squared the math when it comes to time-travel. Not only should it theoretically be possible to travel bac… [+4596 chars]
67,"{'id': 'associated-press', 'name': 'Associated Press'}",The Associated Press,NOT REAL NEWS: A look at what didn't happen last week,"A roundup of some of the most popular but completely untrue stories and visuals of the week. None of these are legit, even though they were shared widely on social media. The Associated Press...",https://apnews.com/823477747e8a31324a13dac56cd91067,,2020-09-25T18:12:58Z,
68,"{'id': 'ars-technica', 'name': 'Ars Technica'}",Eric Berger,Space Force says it will fly on a used Falcon 9 rocket for the first time,“We’re looking forward to this journey with SpaceX.”,https://arstechnica.com/science/2020/09/space-force-says-it-will-fly-on-a-used-falcon-9-rocket-for-the-first-time/,https://cdn.arstechnica.net/wp-content/uploads/2020/09/50065947263_37c3c82f00_k-760x380.jpg,2020-09-25T18:10:38+00:00,"Enlarge/ A Falcon 9 rocket launches the GPS III-03 mission in June, 2020.
35 with 30 posters participating
On Friday, the US Space Force said it would launch two critical Global Positioning System … [+2673 chars]"
69,"{'id': 'the-wall-street-journal', 'name': 'The Wall Street Journal'}","Michael M. Phillips, Brianna Abbott","In a Year of Bad Days, This Was One of the Worst","A look at April 29 shows how the pandemic pushed the U.S. into crisis; ‘It’s changing by the hour, by the day’",https://www.wsj.com/articles/in-a-year-of-bad-days-this-was-one-of-the-worst-11601057449?mod=hp_lead_pos11,https://images.wsj.net/im-231149/social,2020-09-25T18:10:00Z,"In a spring of bad days, April 29 was one of the worst, 24 hours of death and decay, angst and anger, that the new coronavirus left in its path as it sped across the United States.The country had jus… [+21714 chars]"
70,"{'id': 'the-verge', 'name': 'The Verge'}",Tom Warren,Microsoft’s new Xbox app will let you stream Xbox One games to your iPhone,"Microsoft is about to update its Xbox app on iPhone with some big new features. Remote play is the biggest addition, allowing Xbox One owners to remotely stream their games to an iPhone.",https://www.theverge.com/2020/9/25/21456260/xbox-one-games-iphone-streaming-xbox-app-microsoft-features,https://cdn.vox-cdn.com/thumbor/3UUK3OsH4KA37-Lvba6VIQmSTp4=/0x184:2640x1566/fit-in/1200x630/cdn.vox-cdn.com/uploads/chorus_asset/file/21911991/twarren_xboxiosapp_VLS_3710_4.jpg,2020-09-25T18:08:02Z,"Microsofts new Xbox app for iOS includes game streaming
Photo by Tom Warren / The Verge
Microsoft is about to release a big Xbox app update for iOS that includes the ability to stream Xbox One game… [+1965 chars]"
71,"{'id': 'google-news-in', 'name': 'Google News (India)'}",HT Correspondent,Indian diplomat walks out after Imran Khan raises Kashmir issue at UN,"The delegate, a junior diplomat named Mijito Vinito from the 2010 batch of the Indian Foreign Service, picked up his papers and left the hall as Khan’s speech was played on a large overhead screen.",https://www.hindustantimes.com/india-news/indian-delegate-walks-out-during-pakistan-pm-imran-khan-s-speech-at-un/story-GlQiOjgqFNJzCBNOgmj9FO.html,https://www.hindustantimes.com/rf/image_size_960x540/HT/p2/2020/09/25/Pictures/un-general-assembly-pakistan_1a535e12-ff59-11ea-a5cd-623ad1e030ac.jpg,2020-09-25T18:07:36+00:00,"The Indian delegate at the UN General Assembly meeting in New York walked out of the hall when Pakistan Prime Minister Imran Khan’s pre-recorded statement was played on Friday. 
The delegate, a juni… [+946 chars]"
72,"{'id': 'next-big-future', 'name': 'Next Big Future'}",Brian Wang,business,,https://www.nextbigfuture.com/tag/business,,2020-09-25T18:07:24.4073527Z,"business
Zapata Orquestra lets companies use quantum computing frameworks to compose, run and analyze quantum workflows at scale. It was used by Early Access Program participants and is now commerci… [+2128 chars]"
73,"{'id': 'buzzfeed', 'name': 'Buzzfeed'}","[{""@type"":""Person"",""name"":""Yi Yang"",""url"":""https://www.buzzfeed.com/yiyang"",""jobTitle"":""BuzzFeed Staff""}]",23 Practical Things Worth Investing In This Fall,"Chic trench coats, cozy flannel sheets, a highly rated moisturizer, and other useful things for the best season (IMO).",https://www.buzzfeed.com/yiyang/practical-things-worth-investing-in-this-fall,"https://img.buzzfeed.com/buzzfeed-static/static/2020-09/23/7/enhanced/c514e5765bc3/original-21821-1600847067-8.jpg?crop=1243:650;0,89%26downsize=1250:*",2020-09-25T18:07:15.8938457Z,
74,"{'id': 'cbs-news', 'name': 'CBS News'}",Erin Donaghue,"Breonna Taylor's mom says she ""never had faith"" in attorney general as family demands release of grand jury transcripts",Taylor's family wants the release of transcripts of the grand jury that declined to indict three officers in her death.,https://www.cbsnews.com/news/breonna-taylor-mother-speaks-never-had-faith-kentucky-attorney-general-grand-jury-decision/,https://cbsnews3.cbsistatic.com/hub/i/r/2020/09/25/f3eb5357-01b9-4897-81e0-a1324de08a28/thumbnail/1200x630/83432b305c1b8f977505257b3b8b3a15/palmer.jpg,2020-09-25T18:04:54+00:00,"Breonna Taylor's mother Tamika Palmer said she ""never had faith"" in Kentucky Attorney General Daniel Cameron to investigate Taylor's fatal police shooting, according to a statement read by her sister… [+4097 chars]"
75,"{'id': 'associated-press', 'name': 'Associated Press'}",The Associated Press,Takeaways: Labor abuses in the palm oil industry,"PENINSULAR MALAYSIA (AP) — Palm oil is almost impossible to avoid. It can be found in roughly half the products on supermarket shelves, from Dove soap and Oreo cookies to instant noodles and hand...",https://apnews.com/19bcfb6ef44bb4a25562abc778158ae5,,2020-09-25T18:04:21Z,
76,"{'id': 'bloomberg', 'name': 'Bloomberg'}","David Yaffe-Bellany, Chris Dolmetsch",U.S. Files Opposition to TikTok’s Request to Halt Trump Ban,The U.S. filed sealed papers opposing TikTok’s request to halt a Trump administration ban on the video-sharing app that’s scheduled to go into effect this weekend.,https://www.bloomberg.com/news/articles/2020-09-25/u-s-seeks-to-file-tiktok-papers-over-trump-s-ban-under-seal,https://assets.bwbx.io/images/users/iqjWHBFdfxIU/ixfJOxnpq4ok/v0/1200x900.jpg,2020-09-25T18:04:00+00:00,"The U.S. filed sealed papers opposing TikTok’s request to halt a Trump administration ban on the video-sharing app that’s scheduled to go into effect this weekend.
ByteDance Ltd., TikTok’s owner, ha… [+1986 chars]"
77,"{'id': 'next-big-future', 'name': 'Next Big Future'}",Brian Wang,"Zapata Workflow-Based, Modular Toolset for Applied Quantum Computing","Zapata Orquestra lets companies use quantum computing frameworks to compose, run and analyze quantum workflows",https://www.nextbigfuture.com/2020/09/zapata-workflow-based-modular-toolset-for-applied-quantum-computing.html,https://www.nextbigfuture.com/wp-content/uploads/2020/03/Honeywell-Quantum-Solutions-Trap-1024x558.jpg,2020-09-25T18:03:40Z,"Zapata Orquestra lets companies use quantum computing frameworks to compose, run and analyze quantum workflows at scale. It was used by Early Access Program participants and is now commercially avail… [+1310 chars]"
78,"{'id': 'associated-press', 'name': 'Associated Press'}",MARCIA DUNN,New measurements show moon has hazardous radiation levels,"CAPE CANAVERAL, Fla. (AP) — Future moon explorers will be bombarded with two to three times more radiation than astronauts aboard the International Space Station, a health hazard that will require...",https://apnews.com/0165939112ae4b44dbf49bd54762af43,,2020-09-25T18:02:48Z,
79,"{'id': 'business-insider', 'name': 'Business Insider'}",Jake Lahut,Ron Paul hospitalized after suffering apparent medical incident during live stream - Business Insider,"Paul, 85, was taken to a hospital in Texas for ""precautionary reasons,"" according to Fox News.",http://www.businessinsider.com/ron-paul-hospitalized-stroke-live-stream-vide0-2020-9,https://i.insider.com/5f6e2d491fbb1b0019638aa6?width=1200&format=jpeg,2020-09-25T18:01:06Z,"Ron Paul, a former presidential candidate and a pioneering figure in the libertarian movement, was hospitalized Friday after suffering an apparent medical incident during a live stream on his YouTube… [+236 chars]"
80,"{'id': 'business-insider-uk', 'name': 'Business Insider (UK)'}",Jake Lahut,Ron Paul hospitalized after suffering apparent medical incident during live stream - Business Insider,"Paul, 85, was taken to a hospital in Texas for ""precautionary reasons,"" according to Fox News.",http://uk.businessinsider.com/ron-paul-hospitalized-stroke-live-stream-vide0-2020-9,https://i.insider.com/5f6e2d491fbb1b0019638aa6?width=1200&format=jpeg,2020-09-25T18:01:06Z,"Ron Paul, a former presidential candidate and a pioneering figure in the libertarian movement, was hospitalized Friday after suffering an apparent medical incident during a live stream on his YouTube… [+236 chars]"
81,"{'id': 'ign', 'name': 'IGN'}",Eric Song,"Daily Deals: New RTX 3080 and RTX 3090 Gaming PCs Are Available, Save 45% Off Alienware Area-51m Gaming Laptop - IGN",Get a Prebuilt Liquid Cooled RTX 3090 Rig for Cheap,https://www.ign.com/articles/daily-deals-new-rtx-3080-and-rtx-3090-gaming-pcs-are-available-save-45-off-alienware-area-51m-gaming-laptop,https://assets1.ignimgs.com/2020/09/25/0925-1601056790082.jpg?width=1280,2020-09-25T18:01:06Z,Was this article informative?
82,"{'id': 'business-insider', 'name': 'Business Insider'}",Dominic-Madori Davis,Harvard Business School announces new diversity measures - Business Insider,"Harvard confirmed to Business Insider that need-based scholarships will expand to consider family income background, not just that of applicants.",http://www.businessinsider.com/harvard-business-school-announces-new-diversity-measures-2020-9,https://i.insider.com/5ea0b8de38bf23278b44a454?width=1200&format=jpeg,2020-09-25T18:00:34Z,"Big changes are happening at the Harvard Business School, the Wall Street Journal's Patrick Thomas reports. 
On September 23, the school announced it was planning to hire a chief diversity officer, … [+2386 chars]"
83,"{'id': 'business-insider-uk', 'name': 'Business Insider (UK)'}",Dominic-Madori Davis,Harvard Business School announces new diversity measures - Business Insider,"Harvard confirmed to Business Insider that need-based scholarships will expand to consider family income background, not just that of applicants.",http://uk.businessinsider.com/harvard-business-school-announces-new-diversity-measures-2020-9,https://i.insider.com/5ea0b8de38bf23278b44a454?width=1200&format=jpeg,2020-09-25T18:00:34Z,"Big changes are happening at the Harvard Business School, the Wall Street Journal's Patrick Thomas reports. 
On September 23, the school announced it was planning to hire a chief diversity officer, … [+2386 chars]"
84,"{'id': 'rte', 'name': 'RTE'}",Conor Hunt,Study highlights effectiveness of masks and visors,"Ninety percent of Irish adults say they wear face coverings in public places, according to research conducted for the Department of Health. It compares to just over 20% in May.",https://www.rte.ie/news/coronavirus/2020/0925/1167546-masks/,https://img.rasset.ie/0014f9ae-1600.jpg,2020-09-25T18:00:31Z,"Ninety percent of Irish adults say they wear face coverings in public places, according to research conducted for the Department of Health. It compares to just over 20% in May. 
However doctors are … [+1926 chars]"
85,"{'id': 'the-next-web', 'name': 'The Next Web'}",The Conversation,Is COVID-19 becoming milder? Here’s everything we know so far,"In early January, the first genome sequence of Sars-CoV-2 – the virus that causes COVID-19 – was released under the moniker “Wuhan-1.” This string of 30,000 letters (the A, ...",https://thenextweb.com/syndication/2020/09/25/is-covid-19-becoming-milder-heres-everything-we-know-so-far/,https://img-cdn.tnwcdn.com/image/tnw?filter_last=1&fit=1280%2C640&url=https%3A%2F%2Fcdn0.tnwcdn.com%2Fwp-content%2Fblogs.dir%2F1%2Ffiles%2F2020%2F09%2F1-27.jpg&signature=8f5eae33ca2b913557fe506ba51546e3,2020-09-25T18:00:04Z,"In early January, the first genome sequence of Sars-CoV-2 the virus that causes COVID-19 was released under the moniker Wuhan-1. This string of 30,000 letters (the A, T, C and Gs of the genetic code)… [+5520 chars]"
86,"{'id': 'google-news', 'name': 'Google News'}","Scott Clement, Emily Guskin","Majority says winner of presidential election should nominate next Supreme Court justice, Post-ABC poll finds",The poll finds that most Biden supporters say the vacancy makes it “more important” that he win.,https://www.washingtonpost.com/politics/poll-supreme-court-ginsburg-trump-biden/2020/09/25/0f634e6c-fe6a-11ea-8d05-9beaaa91c71f_story.html,https://www.washingtonpost.com/wp-apps/imrs.php?src=https://arc-anglerfish-washpost-prod-washpost.s3.amazonaws.com/public/I2JS7VX7KII6VMHEGUHE4YGMSE.jpg&w=1440,2020-09-25T18:00:00+00:00,"The Post-ABC poll, conducted Monday to Thursday, finds 38 percent of Americans say the replacement for Justice Ruth Bader Ginsburg, who died last week, should be nominated by Trump and confirmed by t… [+5807 chars]"
87,"{'id': 'cbs-news', 'name': 'CBS News'}",CBS News,"Twitter has an ""outsized role"" in politics. But new poll finds just 29% get political news from it","Of those who do use Twitter to follow the election, they tend to be younger and more of them say they are voting for Joe Biden.",https://www.cbsnews.com/news/twitter-politics-news-29-percent-outsized-roll/,https://cbsnews3.cbsistatic.com/hub/i/r/2016/01/25/297e53fc-49ef-48fc-97e1-a79505b83e5f/thumbnail/1200x630/1498ff437f32e19a4f96efd40effcaa1/gettyimages-187254774.jpg,2020-09-25T17:59:46+00:00,"Popular political Twitter accounts frequently use the refrain ""Twitter is not real life,"" and data from a recent CBS News poll backs that up with just 29% of respondents saying they use Twitter to fo… [+2636 chars]"
88,"{'id': 'techcrunch', 'name': 'TechCrunch'}",Kirsten Korosec,Nikola's Steve Girsky eyes his next transportation investment,"Steve Girksy, the former GM vice chairman, consultant and investor whose special purpose acquisition company (SPAC) merged with hydrogen electric startup Nikola this summer, is in talks to back self-driving trucks startup TuSimple, according to four people fa…",https://techcrunch.com/2020/09/25/nikolas-steve-girsky-eyes-his-next-transportation-investment/,https://techcrunch.com/wp-content/uploads/2019/01/tusimple-truck.jpg?w=711,2020-09-25T17:58:42Z,"Steve Girksy, the former GM vice chairman, consultant and investor whose special purpose acquisition company (SPAC) merged with hydrogen electric startup Nikola this summer, is in talks to back self-… [+3481 chars]"
89,"{'id': 'techcrunch', 'name': 'TechCrunch'}","Mark Settle, Tomer Y. Avni","Privacy data management innovations reduce risk, create new revenue channels",Investments in privacy tools and management practices now are almost certain to deliver major business dividends in the future.,https://techcrunch.com/2020/09/25/privacy-data-management-innovations-reduce-risk-create-new-revenue-channels/,https://techcrunch.com/wp-content/uploads/2020/09/GettyImages-913014074.jpg?w=710,2020-09-25T17:57:24Z,Privacy data mismanagement is a lurking liability within every commercial enterprise. The very definition of privacy data is evolving over time and has been broadened to include information concernin… [+2792 chars]
90,"{'id': 'news24', 'name': 'News24'}",,"Government kicks off bid conference for additional power, as Eskom struggles along",The Risk Mitigation Independent Power Producer Procurement Programme seeks to respond to short-term power supply gaps identified in the Integrated Resource Plan.,https://www.news24.com/fin24/Economy/South-Africa/government-kicks-off-bid-conference-for-additional-power-as-eskom-struggles-along-20200925,https://cdn.24.co.za/files/Cms/General/d/5509/b5cd23b076124ec4a651c98dcfc61a38.jpg,2020-09-25T17:56:18+00:00,<ul><li>The Department of Mineral Resources and Energy held a Risk Mitigation Independent Power Producer Procurement Programme conference to brief bidders for power. </li><li>As Eskom continues to gr… [+6544 chars]
91,"{'id': 'bloomberg', 'name': 'Bloomberg'}",,Google to Block Political Ads After U.S. Election Polls Close,,https://www.bloomberg.com/news/articles/2020-09-25/google-to-block-political-ads-after-u-s-election-polls-close,,2020-09-25T17:53:00+00:00,
92,"{'id': 'nhl-news', 'name': 'NHL News'}",Dan Rosen,"3 Keys: Lightning vs. Stars, Game 4 of Stanley Cup Final",Steven Stamkos will not play for the Tampa Bay Lightning in Game 4 of the Stanley Cup Final against the Dallas Stars at Rogers Place in Edmonton on Friday.,https://www.nhl.com/news/tampa-bay-lightning-dallas-stars-game-4-preview/c-319182838,https://cms.nhl.bamgrid.com/images/photos/319183670/1024x576/cut.jpg,2020-09-25T17:52:45Z,"Steven Stamkos will not play for the Tampa Bay Lightning in Game 4 of the Stanley Cup Final against the Dallas Stars at Rogers Place in Edmonton on Friday.
""We haven't ruled him out for the series b… [+4036 chars]"
93,"{'id': 'the-irish-times', 'name': 'The Irish Times'}",The Irish Times,LIVE 2020 Irish Open: Day Two,James Sugrue leads the Irish challenge as Shane Lowry bids to make up ground at Galgorm Castle - follow the second round action with John O'Sullivan and Ruaidhrí Croke.,https://www.irishtimes.com/sport/2020-irish-open-day-two-1.4364402,https://www.irishtimes.com/image-creator/?id=1.4364571&origw=1200,2020-09-25T17:52:40.3610925Z,
94,"{'id': 'bbc-news', 'name': 'BBC News'}",BBC News,Ginsburg's trainer honours her with push-ups,The late Supreme Court justice's personal trainer pays his respects as she lies in state at the US Capitol.,http://www.bbc.co.uk/news/world-us-canada-54302626,https://ichef.bbci.co.uk/images/ic/400xn/p08sklq0.jpg,2020-09-25T17:52:20.9757899Z,"Ruth Bader Ginsburg's personal trainer, Bryant Johnson, has paid tribute to the late Supreme Court justice with push-ups in front of her casket.
Ginsburg, who died a week ago, is the first woman to … [+107 chars]"
95,"{'id': 'next-big-future', 'name': 'Next Big Future'}",Brian Wang,energy,,https://www.nextbigfuture.com/tag/energy,,2020-09-25T17:52:18.2264737Z,"energy
SLAC National Accelerator Laboratory has made a new type of accelerator structure that gives 10 times larger energy gain over the same distance in a regular accelerator. Accelerators can be m… [+2227 chars]"
96,"{'id': 'business-insider', 'name': 'Business Insider'}",Serena Smith,TikTok rich list exposes pay gap between white and Black creators - Business Insider,We spoke to Black creators whose viral challenges often go uncredited about how they're pushing for the recognition — and income — they deserve.,http://www.businessinsider.com/tiktok-rich-list-pay-gap-white-and-black-creators-2020-9,https://i.insider.com/5f6cadc10f4d5500110320e0?width=1200&format=jpeg,2020-09-25T17:52:00Z,"Zach Jelks, whose TikTok account @undos boasts 3.3 million followers, has created a number of viral dance routines, notably ones set to ""Camelot"" by NLE and ""Whats Poppin"" by Jack Harlow. But most pe… [+7889 chars]"
97,"{'id': 'business-insider-uk', 'name': 'Business Insider (UK)'}",Serena Smith,TikTok rich list exposes pay gap between white and Black creators - Business Insider,We spoke to Black creators whose viral challenges often go uncredited about how they're pushing for the recognition — and income — they deserve.,http://uk.businessinsider.com/tiktok-rich-list-pay-gap-white-and-black-creators-2020-9,https://i.insider.com/5f6cadc10f4d5500110320e0?width=1200&format=jpeg,2020-09-25T17:52:00Z,"Zach Jelks, whose TikTok account @undos boasts 3.3 million followers, has created a number of viral dance routines, notably ones set to ""Camelot"" by NLE and ""Whats Poppin"" by Jack Harlow. But most pe… [+7889 chars]"
98,"{'id': 'the-hindu', 'name': 'The Hindu'}",Vikas Vasudeva,Farmers take to the streets over farm Bills,"They block rail, road traffic; accuse Centre of implementing ‘anti-farmer’ policies",https://www.thehindu.com/news/national/farmers-take-to-the-streets-over-farm-bills/article32699431.ece,https://www.thehindu.com/news/national/kqwe2i/article32699430.ece/ALTERNATES/LANDSCAPE_615/25THRDFARMERS1,2020-09-25T17:51:46Z,"Thousands of farmers took to the streets on Friday amid a call for a Bharat bandh given by a wide coalition of farmer outfits to protest against the three farm Bills recently passed by Parliament. 
… [+4308 chars]"
99,"{'id': 'next-big-future', 'name': 'Next Big Future'}",Brian Wang,Particle Accelerators With 10 Times More Energy For The Same Size,SLAC National Accelerator Laboratory has made a new type of accelerator structure that gives 10 times larger e,https://www.nextbigfuture.com/2020/09/particle-accelerators-with-10-times-more-energy-for-the-same-size.html,https://www.nextbigfuture.com/wp-content/uploads/2020/09/copperaccelerator-1024x723.jpg,2020-09-25T17:51:33Z,SLAC National Accelerator Laboratory has made a new type of accelerator structure that gives 10 times larger energy gain over the same distance in a regular accelerator. Accelerators can be made 10 t… [+2712 chars]
